{"cameraMode":{"drawMode":0,"name":"Shaded","section":"Shading Mode"},"sceneLighting":false,"audioPlay":false,"sceneViewState":{"showFog":true,"showMaterialUpdate":false,"showSkybox":true,"showFlares":true,"showImageEffects":true,"showParticleSystems":true},"in2DMode":false,"pivot":{"x":2.3718156814575197,"y":-17.315731048583986,"z":10.918220520019532},"rotation":{"x":0.02376541495323181,"y":-0.9542307257652283,"z":0.2876787483692169,"w":0.07888134568929672},"size":75.99803924560547,"orthographic":false}