{"cameraMode":{"drawMode":0,"name":"Shaded","section":"Shading Mode"},"sceneLighting":false,"audioPlay":false,"sceneViewState":{"showFog":true,"showMaterialUpdate":false,"showSkybox":true,"showFlares":true,"showImageEffects":true,"showParticleSystems":true},"in2DMode":false,"pivot":{"x":-13.728843688964844,"y":-101.26243591308594,"z":1.5824966430664063},"rotation":{"x":0.007281383499503136,"y":0.9762117266654968,"z":-0.21451905369758607,"w":0.03282332792878151},"size":571.5767822265625,"orthographic":false}