{"cameraMode":{"drawMode":0,"name":"Shaded","section":"Shading Mode"},"sceneLighting":false,"audioPlay":false,"sceneViewState":{"showFog":true,"showMaterialUpdate":false,"showSkybox":true,"showFlares":true,"showImageEffects":true,"showParticleSystems":true},"in2DMode":false,"pivot":{"x":-54.5163459777832,"y":0.7269783020019531,"z":39.336395263671878},"rotation":{"x":-0.14158016443252564,"y":0.7784626483917236,"z":-0.18954479694366456,"w":-0.5816618204116821},"size":51.73833465576172,"orthographic":false}